Income,age,Loan ,Loan to income,Default
66155.9251,59.017015,8106.532131,0.122537,0
34415.15397,48.117153,6564.745018,0.190752,0
57317.17006,63.108049,8020.953296,0.13994,0
42709.5342,45.751972,6103.64226,0.142911,0
66952.68885,18.584336,8770.099235,0.13099,1
